{"cameraMode":{"drawMode":0,"name":"Shaded","section":"Shading Mode"},"sceneLighting":true,"audioPlay":false,"sceneViewState":{"m_AlwaysRefresh":false,"showFog":true,"showSkybox":true,"showFlares":true,"showImageEffects":true,"showParticleSystems":true,"showVisualEffectGraphs":true,"m_FxEnabled":true},"in2DMode":false,"pivot":{"x":-18.971513748168947,"y":0.13532161712646485,"z":28.491107940673829},"rotation":{"x":-0.06363300234079361,"y":0.2782387137413025,"z":-0.01847623661160469,"w":-0.9582257270812988},"size":24.014949798583986,"orthographic":false}